,link
0,https://kin.naver.com/qna/detail.nhn?d1id=4&dirId=40104&docId=342130021&qb=6rWt66+87Lm065OcIO2DhO2DhOuMgOuhnA==&enc=utf8&section=kin.qna&rank=1&search_sort=0&spq=0
1,https://kin.naver.com/qna/detail.nhn?d1id=4&dirId=40104&docId=341552388&qb=6rWt66+87Lm065OcIO2DhO2DhOuMgOuhnA==&enc=utf8&section=kin.qna&rank=2&search_sort=0&spq=0
2,https://kin.naver.com/qna/detail.nhn?d1id=5&dirId=512&docId=334023691&qb=6rWt66+87Lm065OcIO2DhO2DhOuMgOuhnA==&enc=utf8&section=kin.qna&rank=3&search_sort=0&spq=0
3,https://kin.naver.com/qna/detail.nhn?d1id=4&dirId=40104&docId=334676336&qb=6rWt66+87Lm065OcIO2DhO2DhOuMgOuhnA==&enc=utf8&section=kin.qna&rank=4&search_sort=0&spq=0
4,https://kin.naver.com/qna/detail.nhn?d1id=4&dirId=40104&docId=341344813&qb=6rWt66+87Lm065OcIO2DhO2DhOuMgOuhnA==&enc=utf8&section=kin.qna&rank=5&search_sort=0&spq=0
5,https://kin.naver.com/qna/detail.nhn?d1id=4&dirId=40104&docId=336622569&qb=6rWt66+87Lm065OcIO2DhO2DhOuMgOuhnA==&enc=utf8&section=kin.qna&rank=6&search_sort=0&spq=0
6,https://kin.naver.com/qna/detail.nhn?d1id=4&dirId=40104&docId=329829233&qb=6rWt66+87Lm065OcIO2DhO2DhOuMgOuhnA==&enc=utf8&section=kin.qna&rank=7&search_sort=0&spq=0
7,https://kin.naver.com/qna/detail.nhn?d1id=4&dirId=40107&docId=331692043&qb=6rWt66+87Lm065OcIO2DhO2DhOuMgOuhnA==&enc=utf8&section=kin.qna&rank=8&search_sort=0&spq=0
8,https://kin.naver.com/qna/detail.nhn?d1id=4&dirId=40104&docId=342679046&qb=6rWt66+87Lm065OcIO2DhO2DhOuMgOuhnA==&enc=utf8&section=kin.qna&rank=9&search_sort=0&spq=0
9,https://kin.naver.com/qna/detail.nhn?d1id=4&dirId=40104&docId=334965757&qb=6rWt66+87Lm065OcIO2DhO2DhOuMgOuhnA==&enc=utf8&section=kin.qna&rank=10&search_sort=0&spq=0
10,https://kin.naver.com/qna/detail.nhn?d1id=4&dirId=40104&docId=340870382&qb=6rWt66+87Lm065OcIO2DhO2DhOuMgOuhnA==&enc=utf8&section=kin.qna&rank=11&search_sort=0&spq=0
11,https://kin.naver.com/qna/detail.nhn?d1id=4&dirId=40104&docId=343703054&qb=6rWt66+87Lm065OcIO2DhO2DhOuMgOuhnA==&enc=utf8&section=kin.qna&rank=12&search_sort=0&spq=0
12,https://kin.naver.com/qna/detail.nhn?d1id=4&dirId=40104&docId=339878198&qb=6rWt66+87Lm065OcIO2DhO2DhOuMgOuhnA==&enc=utf8&section=kin.qna&rank=13&search_sort=0&spq=0
13,https://kin.naver.com/qna/detail.nhn?d1id=4&dirId=40104&docId=342396908&qb=6rWt66+87Lm065OcIO2DhO2DhOuMgOuhnA==&enc=utf8&section=kin.qna&rank=14&search_sort=0&spq=0
14,https://kin.naver.com/qna/detail.nhn?d1id=4&dirId=40104&docId=340745950&qb=6rWt66+87Lm065OcIO2DhO2DhOuMgOuhnA==&enc=utf8&section=kin.qna&rank=15&search_sort=0&spq=0
15,https://kin.naver.com/qna/detail.nhn?d1id=4&dirId=40104&docId=326269328&qb=6rWt66+87Lm065OcIO2DhO2DhOuMgOuhnA==&enc=utf8&section=kin.qna&rank=16&search_sort=0&spq=0
16,https://kin.naver.com/qna/detail.nhn?d1id=4&dirId=40104&docId=340449001&qb=6rWt66+87Lm065OcIO2DhO2DhOuMgOuhnA==&enc=utf8&section=kin.qna&rank=17&search_sort=0&spq=0
17,https://kin.naver.com/qna/detail.nhn?d1id=4&dirId=40104&docId=340446708&qb=6rWt66+87Lm065OcIO2DhO2DhOuMgOuhnA==&enc=utf8&section=kin.qna&rank=18&search_sort=0&spq=0
18,https://kin.naver.com/qna/detail.nhn?d1id=4&dirId=40104&docId=334097277&qb=6rWt66+87Lm065OcIO2DhO2DhOuMgOuhnA==&enc=utf8&section=kin.qna&rank=19&search_sort=0&spq=0
19,https://kin.naver.com/qna/detail.nhn?d1id=4&dirId=40104&docId=333890491&qb=6rWt66+87Lm065OcIO2DhO2DhOuMgOuhnA==&enc=utf8&section=kin.qna&rank=20&search_sort=0&spq=0
20,https://kin.naver.com/qna/detail.nhn?d1id=4&dirId=40104&docId=338023965&qb=6rWt66+87Lm065OcIO2DhO2DhOuMgOuhnA==&enc=utf8&section=kin.qna&rank=21&search_sort=0&spq=0
21,https://kin.naver.com/qna/detail.nhn?d1id=4&dirId=40104&docId=339923514&qb=6rWt66+87Lm065OcIO2DhO2DhOuMgOuhnA==&enc=utf8&section=kin.qna&rank=22&search_sort=0&spq=0
22,https://kin.naver.com/qna/detail.nhn?d1id=4&dirId=40104&docId=336388480&qb=6rWt66+87Lm065OcIO2DhO2DhOuMgOuhnA==&enc=utf8&section=kin.qna&rank=23&search_sort=0&spq=0
23,https://kin.naver.com/qna/detail.nhn?d1id=7&dirId=7010102&docId=337711061&qb=6rWt66+87Lm065OcIO2DhO2DhOuMgOuhnA==&enc=utf8&section=kin.qna&rank=24&search_sort=0&spq=0
24,https://kin.naver.com/qna/detail.nhn?d1id=4&dirId=40104&docId=334429994&qb=6rWt66+87Lm065OcIO2DhO2DhOuMgOuhnA==&enc=utf8&section=kin.qna&rank=25&search_sort=0&spq=0
25,https://kin.naver.com/qna/detail.nhn?d1id=4&dirId=40104&docId=327248099&qb=6rWt66+87Lm065OcIO2DhO2DhOuMgOuhnA==&enc=utf8&section=kin.qna&rank=26&search_sort=0&spq=0
26,https://kin.naver.com/qna/detail.nhn?d1id=4&dirId=40104&docId=333828799&qb=6rWt66+87Lm065OcIO2DhO2DhOuMgOuhnA==&enc=utf8&section=kin.qna&rank=27&search_sort=0&spq=0
27,https://kin.naver.com/qna/detail.nhn?d1id=4&dirId=40104&docId=327984465&qb=6rWt66+87Lm065OcIO2DhO2DhOuMgOuhnA==&enc=utf8&section=kin.qna&rank=28&search_sort=0&spq=0
28,https://kin.naver.com/qna/detail.nhn?d1id=4&dirId=40104&docId=324379949&qb=6rWt66+87Lm065OcIO2DhO2DhOuMgOuhnA==&enc=utf8&section=kin.qna&rank=29&search_sort=0&spq=0
29,https://kin.naver.com/qna/detail.nhn?d1id=3&dirId=31503&docId=329364034&qb=6rWt66+87Lm065OcIO2DhO2DhOuMgOuhnA==&enc=utf8&section=kin.qna&rank=30&search_sort=0&spq=0
30,https://kin.naver.com/qna/detail.nhn?d1id=4&dirId=40104&docId=334241463&qb=6rWt66+87Lm065OcIO2DhO2DhOuMgOuhnA==&enc=utf8&section=kin.qna&rank=31&search_sort=0&spq=0
31,https://kin.naver.com/qna/detail.nhn?d1id=4&dirId=401&docId=328232752&qb=6rWt66+87Lm065OcIO2DhO2DhOuMgOuhnA==&enc=utf8&section=kin.qna&rank=32&search_sort=0&spq=0
32,https://kin.naver.com/qna/detail.nhn?d1id=4&dirId=40104&docId=338458390&qb=6rWt66+87Lm065OcIO2DhO2DhOuMgOuhnA==&enc=utf8&section=kin.qna&rank=33&search_sort=0&spq=0
33,https://kin.naver.com/qna/detail.nhn?d1id=4&dirId=40104&docId=325301590&qb=6rWt66+87Lm065OcIO2DhO2DhOuMgOuhnA==&enc=utf8&section=kin.qna&rank=34&search_sort=0&spq=0
34,https://kin.naver.com/qna/detail.nhn?d1id=4&dirId=40104&docId=340433327&qb=6rWt66+87Lm065OcIO2DhO2DhOuMgOuhnA==&enc=utf8&section=kin.qna&rank=35&search_sort=0&spq=0
35,https://kin.naver.com/qna/detail.nhn?d1id=4&dirId=40104&docId=343000436&qb=6rWt66+87Lm065OcIO2DhO2DhOuMgOuhnA==&enc=utf8&section=kin.qna&rank=36&search_sort=0&spq=0
36,https://kin.naver.com/qna/detail.nhn?d1id=4&dirId=40104&docId=342312122&qb=6rWt66+87Lm065OcIO2DhO2DhOuMgOuhnA==&enc=utf8&section=kin.qna&rank=37&search_sort=0&spq=0
37,https://kin.naver.com/qna/detail.nhn?d1id=4&dirId=40104&docId=334674767&qb=6rWt66+87Lm065OcIO2DhO2DhOuMgOuhnA==&enc=utf8&section=kin.qna&rank=38&search_sort=0&spq=0
38,https://kin.naver.com/qna/detail.nhn?d1id=4&dirId=40104&docId=325586805&qb=6rWt66+87Lm065OcIO2DhO2DhOuMgOuhnA==&enc=utf8&section=kin.qna&rank=39&search_sort=0&spq=0
39,https://kin.naver.com/qna/detail.nhn?d1id=4&dirId=40104&docId=327760902&qb=6rWt66+87Lm065OcIO2DhO2DhOuMgOuhnA==&enc=utf8&section=kin.qna&rank=40&search_sort=0&spq=0
40,https://kin.naver.com/qna/detail.nhn?d1id=4&dirId=40104&docId=325343923&qb=6rWt66+87Lm065OcIO2DhO2DhOuMgOuhnA==&enc=utf8&section=kin.qna&rank=41&search_sort=0&spq=0
41,https://kin.naver.com/qna/detail.nhn?d1id=4&dirId=40104&docId=340392125&qb=6rWt66+87Lm065OcIO2DhO2DhOuMgOuhnA==&enc=utf8&section=kin.qna&rank=42&search_sort=0&spq=0
42,https://kin.naver.com/qna/detail.nhn?d1id=4&dirId=40104&docId=339647781&qb=6rWt66+87Lm065OcIO2DhO2DhOuMgOuhnA==&enc=utf8&section=kin.qna&rank=43&search_sort=0&spq=0
43,https://kin.naver.com/qna/detail.nhn?d1id=4&dirId=40104&docId=319337964&qb=6rWt66+87Lm065OcIO2DhO2DhOuMgOuhnA==&enc=utf8&section=kin.qna&rank=44&search_sort=0&spq=0
44,https://kin.naver.com/qna/detail.nhn?d1id=3&dirId=31503&docId=322409416&qb=6rWt66+87Lm065OcIO2DhO2DhOuMgOuhnA==&enc=utf8&section=kin.qna&rank=45&search_sort=0&spq=0
45,https://kin.naver.com/qna/detail.nhn?d1id=4&dirId=40104&docId=327933435&qb=6rWt66+87Lm065OcIO2DhO2DhOuMgOuhnA==&enc=utf8&section=kin.qna&rank=46&search_sort=0&spq=0
46,https://kin.naver.com/qna/detail.nhn?d1id=4&dirId=40104&docId=323909973&qb=6rWt66+87Lm065OcIO2DhO2DhOuMgOuhnA==&enc=utf8&section=kin.qna&rank=47&search_sort=0&spq=0
47,https://kin.naver.com/qna/detail.nhn?d1id=4&dirId=40104&docId=318587650&qb=6rWt66+87Lm065OcIO2DhO2DhOuMgOuhnA==&enc=utf8&section=kin.qna&rank=48&search_sort=0&spq=0
48,https://kin.naver.com/qna/detail.nhn?d1id=4&dirId=40104&docId=338473705&qb=6rWt66+87Lm065OcIO2DhO2DhOuMgOuhnA==&enc=utf8&section=kin.qna&rank=49&search_sort=0&spq=0
49,https://kin.naver.com/qna/detail.nhn?d1id=4&dirId=40104&docId=318064887&qb=6rWt66+87Lm065OcIO2DhO2DhOuMgOuhnA==&enc=utf8&section=kin.qna&rank=50&search_sort=0&spq=0
50,https://kin.naver.com/qna/detail.nhn?d1id=4&dirId=40104&docId=333154351&qb=6rWt66+87Lm065OcIO2DhO2DhOuMgOuhnA==&enc=utf8&section=kin.qna&rank=51&search_sort=0&spq=0
51,https://kin.naver.com/qna/detail.nhn?d1id=4&dirId=40104&docId=325478484&qb=6rWt66+87Lm065OcIO2DhO2DhOuMgOuhnA==&enc=utf8&section=kin.qna&rank=52&search_sort=0&spq=0
52,https://kin.naver.com/qna/detail.nhn?d1id=4&dirId=40104&docId=320842904&qb=6rWt66+87Lm065OcIO2DhO2DhOuMgOuhnA==&enc=utf8&section=kin.qna&rank=53&search_sort=0&spq=0
53,https://kin.naver.com/qna/detail.nhn?d1id=3&dirId=31105&docId=321309466&qb=6rWt66+87Lm065OcIO2DhO2DhOuMgOuhnA==&enc=utf8&section=kin.qna&rank=54&search_sort=0&spq=0
54,https://kin.naver.com/qna/detail.nhn?d1id=4&dirId=40104&docId=328964697&qb=6rWt66+87Lm065OcIO2DhO2DhOuMgOuhnA==&enc=utf8&section=kin.qna&rank=55&search_sort=0&spq=0
55,https://kin.naver.com/qna/detail.nhn?d1id=4&dirId=40104&docId=343049642&qb=6rWt66+87Lm065OcIO2DhO2DhOuMgOuhnA==&enc=utf8&section=kin.qna&rank=56&search_sort=0&spq=0
56,https://kin.naver.com/qna/detail.nhn?d1id=4&dirId=40104&docId=330764394&qb=6rWt66+87Lm065OcIO2DhO2DhOuMgOuhnA==&enc=utf8&section=kin.qna&rank=57&search_sort=0&spq=0
57,https://kin.naver.com/qna/detail.nhn?d1id=3&dirId=31303&docId=337186876&qb=6rWt66+87Lm065OcIO2DhO2DhOuMgOuhnA==&enc=utf8&section=kin.qna&rank=58&search_sort=0&spq=0
58,https://kin.naver.com/qna/detail.nhn?d1id=4&dirId=40104&docId=318030637&qb=6rWt66+87Lm065OcIO2DhO2DhOuMgOuhnA==&enc=utf8&section=kin.qna&rank=59&search_sort=0&spq=0
59,https://kin.naver.com/qna/detail.nhn?d1id=4&dirId=40104&docId=322849754&qb=6rWt66+87Lm065OcIO2DhO2DhOuMgOuhnA==&enc=utf8&section=kin.qna&rank=60&search_sort=0&spq=0
60,https://kin.naver.com/qna/detail.nhn?d1id=4&dirId=40104&docId=333154351&qb=6rWt66+87Lm065OcIO2DhO2DhOuMgOuhnA==&enc=utf8&section=kin.qna&rank=51&search_sort=0&spq=0
61,https://kin.naver.com/qna/detail.nhn?d1id=4&dirId=40104&docId=325478484&qb=6rWt66+87Lm065OcIO2DhO2DhOuMgOuhnA==&enc=utf8&section=kin.qna&rank=52&search_sort=0&spq=0
62,https://kin.naver.com/qna/detail.nhn?d1id=4&dirId=40104&docId=320842904&qb=6rWt66+87Lm065OcIO2DhO2DhOuMgOuhnA==&enc=utf8&section=kin.qna&rank=53&search_sort=0&spq=0
63,https://kin.naver.com/qna/detail.nhn?d1id=3&dirId=31105&docId=321309466&qb=6rWt66+87Lm065OcIO2DhO2DhOuMgOuhnA==&enc=utf8&section=kin.qna&rank=54&search_sort=0&spq=0
64,https://kin.naver.com/qna/detail.nhn?d1id=4&dirId=40104&docId=328964697&qb=6rWt66+87Lm065OcIO2DhO2DhOuMgOuhnA==&enc=utf8&section=kin.qna&rank=55&search_sort=0&spq=0
65,https://kin.naver.com/qna/detail.nhn?d1id=4&dirId=40104&docId=343049642&qb=6rWt66+87Lm065OcIO2DhO2DhOuMgOuhnA==&enc=utf8&section=kin.qna&rank=56&search_sort=0&spq=0
66,https://kin.naver.com/qna/detail.nhn?d1id=4&dirId=40104&docId=330764394&qb=6rWt66+87Lm065OcIO2DhO2DhOuMgOuhnA==&enc=utf8&section=kin.qna&rank=57&search_sort=0&spq=0
67,https://kin.naver.com/qna/detail.nhn?d1id=3&dirId=31303&docId=337186876&qb=6rWt66+87Lm065OcIO2DhO2DhOuMgOuhnA==&enc=utf8&section=kin.qna&rank=58&search_sort=0&spq=0
68,https://kin.naver.com/qna/detail.nhn?d1id=4&dirId=40104&docId=318030637&qb=6rWt66+87Lm065OcIO2DhO2DhOuMgOuhnA==&enc=utf8&section=kin.qna&rank=59&search_sort=0&spq=0
69,https://kin.naver.com/qna/detail.nhn?d1id=4&dirId=40104&docId=322849754&qb=6rWt66+87Lm065OcIO2DhO2DhOuMgOuhnA==&enc=utf8&section=kin.qna&rank=60&search_sort=0&spq=0
70,https://kin.naver.com/qna/detail.nhn?d1id=4&dirId=40104&docId=336675122&qb=6rWt66+87Lm065OcIO2DhO2DhOuMgOuhnA==&enc=utf8&section=kin.qna&rank=61&search_sort=0&spq=0
71,https://kin.naver.com/qna/detail.nhn?d1id=4&dirId=40104&docId=329887553&qb=6rWt66+87Lm065OcIO2DhO2DhOuMgOuhnA==&enc=utf8&section=kin.qna&rank=62&search_sort=0&spq=0
72,https://kin.naver.com/qna/detail.nhn?d1id=4&dirId=40104&docId=336612210&qb=6rWt66+87Lm065OcIO2DhO2DhOuMgOuhnA==&enc=utf8&section=kin.qna&rank=63&search_sort=0&spq=0
73,https://kin.naver.com/qna/detail.nhn?d1id=4&dirId=40104&docId=336612366&qb=6rWt66+87Lm065OcIO2DhO2DhOuMgOuhnA==&enc=utf8&section=kin.qna&rank=64&search_sort=0&spq=0
74,https://kin.naver.com/qna/detail.nhn?d1id=4&dirId=40104&docId=334244907&qb=6rWt66+87Lm065OcIO2DhO2DhOuMgOuhnA==&enc=utf8&section=kin.qna&rank=65&search_sort=0&spq=0
75,https://kin.naver.com/qna/detail.nhn?d1id=4&dirId=40104&docId=332663357&qb=6rWt66+87Lm065OcIO2DhO2DhOuMgOuhnA==&enc=utf8&section=kin.qna&rank=66&search_sort=0&spq=0
