,title
0,하나비씨카드
1,비씨카드 합격자소서 부탁드려요
2,비씨카드 부산지점
3,비씨카드 채무면제유예상품 보상 관련
4,비씨카드 아시아나 마일리지 현금전환
5,비씨카드 현금서비스
6,대구우행 비씨카드 질문
7,비씨카드 - 신한카드인터넷 G마켓 인
8,비씨카드 재발급ㅠㅠ
9,비씨카드 isp 결제
10,토스 비씨카드 회원가입
11,기업 비씨카드 결제 문의
12,비씨카드질문
13,신용카드 한도복원 (비씨카드)
14,비씨카드요~~결제일. 10일인데요.
15,우리카드 인가요 비씨카드인가요
16,비씨카드랑 체크카드랑 같은 건가요?
17,"비씨카드 취소 보통 언제쯤 되나요,,?"
18,비씨카드 합격스펙 합격족보 알려주세요!!
19,비씨카드 인피니티 카드 신청하려 합니
20,우리카드??비씨카드??
21,비씨카드 인터넷결제요//.
22,Kb국민비씨카드
23,비씨카드 은행 재발급 문의
24,비씨카드 할부
25,비씨카드 문의드립니다
26,비씨카드 경남은행 3만원 현금서비스
27,비씨카드 채용상담회 혹시 가보신분 있나요?
28,모처럼 비씨카드를 사용하려니 이거깔고
29,부산 비씨카드를 쓰고 토스를 사용중인
30,비씨카드 페이북 결제 등록기기 관련 질문입니다.
31,(급함) 우리은행 비씨카드 그린 무이자 할부
32,카드가 우리비씨카드인데 인터넷에찾아보
33,우리비씨카드를
34,비씨카드 수수료좀 계산해주세요
35,비씨카드 인터넷결제
36,경남은행 비씨카드 즉시결제 방법을 알
37,대구은행 비씨카드 치과치료 금액 환급
38,비씨카드 11만원짜리 12개월 할부하
39,비씨카드 20일이 결제날이고 이번달
40,대구 비씨카드 카드재발급
41,결재일 5일 비씨카드사용기간이 궁금합
42,비씨카드로 버스차예매를어제했다가 오늘
43,경남비씨카드 5일결제에요.
44,계좌 비씨카드 출금이 카드 사용 내역보다 훨씬 큽니다
45,우리비씨카드 사용중인데 승인취소후 한도복원..
46,비씨카드 페이북
47,기업은행 비씨카드
48,비씨카드 선결제 하려하는데요. 고객센
49,대구은행비씨카드쓰고있습니다
50,비씨카드 삼성카드
51,제 명의 비씨카드가 2장 있는데요
52,제가 부산은행 비씨카드 신용카드를 쓰
53,스카이패스 비씨카드 질문
54,비씨카드 정지시킬려면 어떻게 해야하나요
55,cgv 카카오페이 비씨카드 환불
56,동네 치과에서 우리비씨카드
57,부산 비씨카드로 갑자시 결제가 되었어
58,비씨카드 전화번호 변경
59,비씨카드 신용카드를 방금 분실하여서
60,Vp isp 비씨카드 등록시 오류
61,비씨카드인데 10일결제일이에요. 언제
62,부산비씨카드유효기간끝나도부산은행 통장
63,비씨카드 오프라인 환불
64,아이튠즈 비씨카드 BC카드로 일본곡 결제 방법좀요
65,토스카드 신청하기 비씨카드가 뭔가요?
66,비씨카드 회원가입했는데 체크카드 잔액
67,우리비씨카드20 이라고 출금된 금액이 있습니다
68,비씨카드 페이북
69,비씨카드요. 10일결제일입니다. 1월
70,비씨카드 거래제한..
71,부산은행비씨카드
72,비씨카드 결제일. 10일인데요.현금서
73,비씨카드 isp앱
74,우리비씨카드 질문이요
75,비씨카드 신용카드 결제질문요
76,비씨카드 현금서비스 질문요~^^
77,비씨카드할부요
78,비씨카드 결제 문의
79,비씨카드 청소년 회원가입
80,부산비씨카드
81,비씨카드 회원가입이 안돼요
82,비씨카드 배송
83,농협 비씨카드 거래내역 조회하는데
84,비씨카드 결제일 변경
85,우리비씨카드 포인트
86,비씨카드 계좌이체
87,비씨카드 3회실패
88,우리비씨카드 포인트
89,비씨카드 탑포인트로 결재문의입니다
90,비씨카드 현금서비스 질문드립니다.
91,부산은행 비씨카드 현금서비스 결제일
92,비씨카드 환불
93,홍대에서 만든 티머니인데 비씨카드?
94,경남비씨카드 현금서비스 결제일 질문
95,비씨카드 현금서비스 질문이요
96,기업은행 비씨카드
97,비씨카드 선결제
98,비씨카드 비밀번호 인터넷오류 변경 ㅠ
99,10월 15일날 신한비씨카드로 결재한
100,부산은행 비씨카드 한도 설정
101,우리은행 비씨카드 카드의 정석 신용카
102,비씨카드 체크카드를 발급받으려고 하는
103,부산비씨카드재발급 제발 답변좀!!
104,비씨카드 페이북QR결제
105,비씨카드 취소접수 후 금액 환불
106,비씨카드 온라인 가맹점
107,비씨카드 현금서비스..
108,롯데월드 비씨카드
109,삼성카드/비씨카드 현금서비스 결제일 질문
110,비씨카드 사용등록 ARS번호 알려주세
111,국민비씨카드 결제일 질문 드립니다
112,비씨카드 이용중인데
113,비씨카드 비밀번호 오류
114,저가 비씨카드로 결제를했는데 이 금액
115,BC카드 비씨카드 해외 무단 도용
116,비씨카드 스쿨카드(우리은행)
117,kb국민비씨카드 홈쇼핑방식결제시
118,비씨카드 교체
119,비씨카드 - 신한카드인터넷 G마켓 인
120,비씨카드사 배송기사 불친절
121,대구은행 비씨카드 환불
122,우리은행 비씨카드 카드의 정석 신용카
123,비씨카드 대금결제일이 매달 18일이면
124,우리은행 비씨카드 카드의 정석 신용카
125,아이비케이 교통카드 겸용 비씨카드를
126,비씨카드 사용내역질문
127,pass에서 신용조회했는데 비씨카드에서 신용카드를...
128,비씨카드 고지서가 언제오는지 궁금합니다
129,농협 비씨카드로결재했어요 부과세10프
130,비씨카드 기프트카드 인터넷등록 문제
131,비씨카드 통합한도 언제풀리나요??
132,비씨카드 사용중인데 5월달에 사용하면
133,비씨카드 할부
134,제가 부산은행 비씨카드 연체가 있는데
135,비씨카드 sms서비스
136,롯데월드 제휴카드에 비씨카드가 있는데
137,비씨카드 미납금(연체) 된지 한달 된
138,우리비씨카드연체
139,비씨카드 페이북
140,구글기프트카드는 비씨카드로 gs25에
141,어머니 명의로 된 비씨카드로 인터넷결제
142,기업비씨카드 모바일앱은 없나요?
143,비씨카드 한도가 체크카드도 포함인가요?
144,Ibk 비씨카드 현금서비스 결제일
145,농협 파란색 체크카드랑 비씨카드랑 다
146,우리비씨카드를 사용합니다 인터넷으로
147,대구은행 비씨카드 갱신발급해야한다고
148,기업비씨카드 발급한지는2달이됐는데
149,기업은행 비씨카드 명세서 질문
150,비씨카드 dingding 체크카드로는 해외쇼핑몰 이용이...
151,비씨카드 결제
152,비씨카드 자동갱신 질문점
153,비씨카드 미납 문자
154,비씨카드 isp 요금
155,비씨카드 신용카드 소지중 인데요
156,비씨카드 잔액조회할라고 통장관리앱 깔
157,비씨카드 신용정보보호서비스
158,구입한게 없는데 비씨카드 출금..
159,"BC카드 앱, 비씨카드 앱 삭제된건가요?"
160,제주항공 비씨카드 무이자할부 (내공100)
161,비씨카드 20일이 결제날이고 이번달
162,비씨카드 신용정보보호 서비스에 관한 질문입니다
163,제가 지금 비씨카드인 NH농협 국민행
164,신협 체크카드도 비씨카드 혜택 받을 수 있나요?
165,경남은행 비씨카드 납부일
166,"비자카드, 비씨카드 이런게 뭔지 궁금합니다."
167,1금융1100정도남음.비씨카드론200
168,안녕하세요 비씨카드 장기카드 대출이
169,파산면책이 끝나고.비씨카드나 삼성카드
170,비씨카드에서 이번에 치과보험 있나본데
171,비씨카드 미납 문자
172,비씨카드 미납 문자
173,(급함) 우리은행 비씨카드 그린 무이자 할부
174,비씨카드 청구할인 이요
175,비씨카드인데 10일결제일이에요. 언제
176,신협 체크카드도 비씨카드 혜택 받을 수 있나요?
177,비씨카드 인터넷결제요//.
178,비씨카드에서 이번에 치과보험 있나본데
179,비씨카드아시아나 마일리지 적립 방법
180,비씨카드 홈페이지 탈퇴 할려면 어떻게 하나요?
181,아이템매니아 비씨카드 결제 질문드립니다
182,우리비씨카드로 110만원 10개월할부
183,국민kt비씨카드 할부수수료 얼마?
184,비씨카드문자
185,비씨카드에서 이번에 치과보험 있나본데
186,모처럼 비씨카드를 사용하려니 이거깔고
187,구글기프트카드는 비씨카드로 gs25에
188,비씨카드 배송
189,비씨카드 스쿨카드(우리은행)
190,비씨카드 쓰다가 카드값 못내서 장기카
191,부산은행비씨카드 12일날 결재일이라
192,안녕하세요 비씨카드 장기카드 대출이
193,비씨카드 리볼빙 이자율 질문입니다
194,농협 비씨카드 거래내역 조회하는데
195,대구은행 비씨카드 치과치료 금액 환급
196,제가 부산은행 비씨카드 신용카드를 쓰
197,대구은행 비씨카드 비밀번호 오류
198,오크밸리 야간권 1+1 비씨카드로 이
199,비씨카드 기프트카드 인터넷등록 문제
200,이거 비씨카드 아이디없다는데 어디서찾
201,비씨카드 체크카드 거래 승인 대해
202,우리썸카드 비씨카드 할인 되나요?
203,기업비씨카드 모바일앱은 없나요?
204,기업비씨카드 모바일앱은 없나요?
205,비씨카드 정보보호 그 뭐시기 때문에
206,비씨카드에서 전화주셨다며 치아보험상품
207,예약주문을 한것을 취소했는데 비씨카드
208,카드가 우리비씨카드인데 인터넷에찾아보
209,동네 치과에서 우리비씨카드
210,부산비씨카드 사용중인데요. 기존한도는
211,오래된 농협 비씨카드 사용내역
212,비씨카드 문의드립니다
213,인터넷비씨카드결제하는데 저게 옛날부터
214,비씨카드 결제일이 11일인데 오늘 현
215,부산비씨카드
216,비씨카드 농협 ars 등록 대해서
217,비씨카드에서 전화주셨다며 치아보험상품
218,비씨카드 질문
219,비씨카드 - 신한카드인터넷 G마켓 인
220,애플스토어에 체크카드 (비씨카드) 등
221,비씨카드 11만원짜리 12개월 할부하
222,비씨카드에서 전화주셨다며 치아보험상품
223,우리비씨카드를
224,부산은행 비씨카드 기프트카드를 받았는
225,비씨카드에서 전화주셨다며 치아보험상품
226,부산은행비씨카드사용중이고 오늘이 결제
227,신용카드 5년정도 사용한 비씨카드 있
228,토스 어플에서 기업은행 (비씨)카드
229,비씨카드 스쿨카드(우리은행)
230,농협 체크카드 (비씨카드)
231,1566 4455 전화와서 비씨카드
232,경남은행 비씨카드 납부일
233,비씨카드에서 전화주셨다며 치아보험상품
234,비씨카드 페이북 QR결제하려고하는데
235,pass에서 신용조회했는데 비씨카드에서 신용카드를...
236,비씨카드에서 약200만원의 현금서비스
237,비씨카드중에서 이쁜걸 봐서 갖고싶은데 뭔지 모르겠어요
238,비씨카드 비번틀린거 횟수 초과 무조건 주인이 풀어야 하나요?
239,부산은행 비씨카드장기카드론 atm에서
240,현재 농협 비씨카드를 두달째 연체중입
241,비씨카드 탑 포인트 와 탑 세입
242,비씨카드에서 이번에 치과보험 있나본데
243,비씨카드 문의드립니다
244,비씨카드 체크카드 ARS 대해
245,비씨카드에서 전화주셨다며 치아보험상품
246,비씨카드 후불 교통카드 어떻게 사용하나요?
247,부산비씨카드 후불교통카드 이용 중입니
248,"비자카드, 비씨카드 이런게 뭔지 궁금합니다."
249,인천에 비씨카드 되는 금은방 잇을까요
250,나라사랑카드도 비씨카드인가요?
251,비씨카드 홈페이지 회원탈퇴 하면 영원히 못한가요?
252,Top포인트가 전화해보니 비씨카드 포
253,비씨카드 신용카드 정지 미납이 하루밀
254,지마켓 스마일페이 비씨카드 등록완료
255,대구은행비씨카드 뒷면에 번호가 좀지워졌는데 사용할때 인식...
256,비씨카드 현금서비스 이자율 계산좀해쥬
257,비씨카드 하나카드 무이자할부 가능여부??
258,비씨카드 이용
259,기업은행 비씨카드 결제하면 문자오게
260,부산비씨카드유효기간끝나도부산은행 통장
261,구입한게 없는데 비씨카드 출금..
262,비씨카드결제일이 12일입니다. 현금써
263,페이코 우리체크카드는 비자카드인가요 비씨카드인가요?
264,KT SUPER DC7 국민 비씨카드 발급 질문
265,카드발급을 하던중 비씨카드사에 도용회
266,비씨카드 바로알림서비스는 백원이든 천원이든 사용하면...
267,pass에서 신용조회했는데 비씨카드에서 신용카드를...
268,농협카드랑 농협비씨카드랑 다른건가요?
269,비씨카드 11만원짜리 12개월 할부하
270,기업비씨카드 발급한지는2달이됐는데
271,부산비씨카드 승차권 예매하다가 비번초
272,비씨카드 정지시킬려면 어떻게 해야하나요
273,비씨카드 비밀번호 오류
274,기업은행 비씨카드 사용내역 보는 방법
275,대구은행 비씨카드 신용카드를 사용하다
276,비씨카드에서 전화주셨다며 치아보험상품
277,비씨카드 청구할인 이요
278,비씨카드 안쓰는데 통장에 뜨면 신고 해도 된가요?
279,비씨카드 하나카드 무이자할부 가능여부??
280,제 명의 비씨카드가 2장 있는데요
281,제 명의 비씨카드가 2장 있는데요
282,기업 비씨카드 승인취소했고 취소문자가
283,비씨카드로 현금서비스 받으려고하는데
284,우리비씨카드로 110만원 10개월할부
285,우리비씨카드로 110만원 10개월할부
286,비씨카드 신용카드 정지 미납이 하루밀
287,아이튠즈 비씨카드 BC카드로 일본곡 결제 방법좀요
288,비씨카드 쓰다가 카드값 못내서 장기카
289,제가 토스비씨카드를발급할려고신청했는대
290,비씨카드 리볼빙
291,페이코 우리체크카드는 비자카드인가요 비씨카드인가요?
292,비씨카드 해지하려고 전화했는데 상담사
293,우리비씨카드로 110만원 10개월할부
294,기업은행 비씨카드 결제하면 문자오게
295,농협 비씨카드 신청 하면 바로나올까요>?
296,농협비씨카드 대금겔제하고 다음날 현금
297,기업은행 으로 돈입금햇는데 비씨카드에
298,비씨카드 비밀번호3회틀려서 오류떳는데
299,파산면책이 끝나고.비씨카드나 삼성카드
300,파산면책이 끝나고.비씨카드나 삼성카드
301,부산비씨카드유효기간끝나도부산은행 통장
302,"롯데,비씨카드 쓰고있는데 총한도는 둘"
303,pass에서 신용조회했는데 비씨카드에서 신용카드를...
304,안녕하세요 비씨카드 장기카드 대출이
305,기업은행 비씨카드 사용내역 보는 방법
306,제주항공 비씨카드 무이자할부 (내공100)
307,파산면책이 끝나고.비씨카드나 삼성카드
308,모처럼 비씨카드를 사용하려니 이거깔고
309,안녕하세요 비씨카드 장기카드 대출이
310,예약주문을 한것을 취소했는데 비씨카드
311,비씨카드로 일반 음식점에서 결제할수있
312,비씨카드 홈페이지 탈퇴 할려면 어떻게 하나요?
313,우리비씨카드 사용중인데 승인취소후 한도복원..
314,우리비씨카드20 이라고 출금된 금액이 있습니다
315,농협 비씨카드 포인트 사용해야하는데
316,기업은행 창구에서 비씨카드 한도 상향 신청 할 때 필요한 서류?
317,국민 노리 체크카드 랑 비씨카드 농협 체크카드 랑 2개 가지고...
318,다른 구글계정에 들어간 비씨카드 삭제하는방법없나요?
319,비씨카드 농협 카드요 쇼핑.게임.음식.카페 로도 쓸수 있나요?
320,신용카드나 비씨카드로 버스 찍으면 어떻게 되나요? 무사히...
321,비씨 카드 홈피에 신청 하고 카드 비번하고 유효기간.카드번호...
322,비씨카드 홈페이지 회원탈퇴 하면요 비씨카드 농협 연결되어...
323,비씨카드 농협 체크카드 안 쓰고 카카오뱅크 체크 카드 로 써도...
324,비씨카드 농협 체크카드 쓴 내역 보니깐 일시불 로 되어 있던데...
325,비씨카드 거래정지 시키고 회원탈퇴 시키면요 그 체크카드...
326,비씨카드 체크카드 조회 보니깐요 거래정지 로 되어 있는데요...
327,비씨카드 홈페이지 회원탈퇴 하면 영원히 못한가요? 그리고...
328,한태 입력 하실 새비번 말하면 된가요? 비씨카드 농협 카드 우
329,비씨카드 거래정지 시키고 회원탈퇴 시키면요 그 체크카드...
330,엄마가 가서 농협 비씨카드 없애고 기존 통장 돈빼서 새통장...
331,비씨 카드 농협 체크카드 카드 비밀번호 새로 만드는 데요...
332,엄마가 가서 농협 비씨카드 없애고 기존 통장 돈빼서 새통장...
333,비씨 카드 농협 체크카드 카드 비밀번호 새로 만드는 데요...
334,비씨카드 제휴 치과 보험 질문
335,GS25 비씨카드 맥주할인 이벤트 캐
336,비씨카드질문있어요
337,비씨카드 결제일별 이용기간
338,농협 비씨카드에 대해
339,구글기프트카드는 비씨카드로 gs25에
340,이거 비씨카드 맞아여??
341,비씨카드 대금결제일이 매달 18일이면
342,비씨카드인데 10일결제일이에요. 언제
343,cgv 카카오페이 비씨카드 환불
344,비씨카드 할부
345,비씨카드 ISP/페이북 (내공 100)
346,비씨카드 신용카드 결제질문요
347,비씨카드 10개월할부 5개월 무이자
348,우리카드 체크 비씨카드 부모님께 알림
349,부산비씨카드재발급 제발 답변좀!!
350,씨유 비씨카드 빼빼로 할인
351,비씨카드 신용카드를 방금 분실하여서
352,비씨카드 미납 문자
353,비씨카드(기업은행) 신용카드 이용하는
354,기업은행 비씨카드
355,부산비씨카드 5월7일 납부해야되는데
356,부산비씨카드
357,비씨카드 인터넷결제
358,비씨카드 현금서비스..
359,비씨카드 이용
360,청년구직활동지원금 하나카드(비씨카드)
361,비씨카드로 버스차예매를어제했다가 오늘
362,IBK기업(비씨카드)은행 청년동행카드를 발급 받았는데
363,비씨카드를 쓰다가 카드값을 못내서 우
364,안녕하세요 비씨카드 외국지불시 기록사항중 mm yyyy cvv 가...
365,계좌 비씨카드 출금이 카드 사용 내역보다 훨씬 큽니다
366,"비자카드, 비씨카드 이런게 뭔지 궁금합니다."
367,비씨카드가 뭔가요?
368,제가 부산은행 비씨카드 신용카드를 쓰
369,하나은행 비씨카드 이용자인데요!
370,신한비씨카드 사용하고 있는중인데 온라
371,"농협체크카드가 있는데 이건 그냥 일반체크카드에요, 비씨카드..."
372,나라사랑카드도 비씨카드인가요?
373,농협비씨카드로 국민행복카드 신청하여
374,비씨카드 한도가 체크카드도 포함인가요?
375,비씨카드 자동갱신 질문점
376,비씨카드로 버스차예매를어제했다가 오늘
377,비씨카드 해지하려고 전화했는데 상담사
378,기업은행 비씨카드 결제하면 문자오게
379,비씨카드 없는데 통장에 비씨카드 찍혀져 있으면요 통장에...
380,농협 비씨카드 한도 하향됐는데 현금서비스 받으면 카드한도 더...
381,비씨 카드 신청 했는데 우편함 으로 왔는데요 우편 뜯으면 카드...
382,'NEW 우리 V카드' 가 비씨카드맞나요?
383,카드에 bc로고있으면 비씨카드인가요?
384,비씨카드결제일변경
385,비씨카드 웹회원 질문드립니다
386,비씨카드 결제일변경
387,비씨카드 결제
388,비씨카드 카드요금 납부
389,'NEW 우리 V카드' 가 비씨카드맞나요?
390,롯데월드 2월 비씨카드 할인이요
391,비씨카드 리볼빙질문드립니다.
392,비씨카드 정보좀 부탁드려요
393,비씨카드 비밀번호 3회 오류
394,비씨카드 결제일 변경은 모바일로 할수
395,저가 비씨카드를 쓰다가 며칠전에 분실
396,비씨카드 결제내역 질문
397,비씨카드를 긁었는데 가맹점이 유효하지않다고 뜨는건
398,'NEW 우리 V카드' 가 비씨카드맞나요?
399,제가 비씨카드 리볼빙을 신청했는데 정
400,우리은행 팝카드 비씨카드인가요?
401,현재 비씨카드를 2장 갖고 있습니다
402,비씨카드 - 신한카드인터넷 G마켓 인
403,토스랑 비씨카드에서 신용등급을 조회했
404,비씨카드 결제일변경
405,비씨카드 결제내역 질문
406,카드에 bc로고있으면 비씨카드인가요?
407,카드에 bc로고있으면 비씨카드인가요?
408,비씨카드 화원가입이 안돼요
409,비씨카드 할부 선결제 질문
410,비씨카드결제일변경
411,비씨카드 - 신한카드인터넷 G마켓 인
412,청소년비씨카드 휴대폰 메시지서비스
413,일본 에서 비씨카드 사용 할수 있나요?
414,비씨카드 고객센터 전화번호좀요ㅜㅜ 1588 4000말구요!!...
415,비씨카드 인터넷결제요//.
416,비씨카드 고객센터 전화번호
417,비씨카드 정보보호 사기인가요?
418,비씨카드 할부 선결제 질문
419,비씨카드 선결제 질문
420,대구은행 비씨카드 교통카드기능 빠졌나
421,카드에 bc로고있으면 비씨카드인가요?
422,비씨카드 현금서비스 한도복구
423,기업은행 비씨카드 bliss 7 (블
424,비씨카드 연체 질문
425,비씨카드 대구은행 기프트카드 잔액 확
426,bc카드 비씨카드 연정액 12000원 소액결제
427,역전우동 비씨카드 ( 새마을금고)
428,비씨카드 결제오류
429,비씨카드 결제
430,비씨카드 월요일날 면접 가는데요 급여
431,비씨카드 웹회원 질문드립니다
432,해외 에서도 비씨카드 사용 할수 있나요?
433,해외 에서도 비씨카드 사용 할수 있나요?
434,우체국 비씨카드
435,비씨카드 - 신한카드인터넷 G마켓 인
436,비씨카드 카드결제일이 매월 18일이면
437,기업은행 비씨카드 결제일 변경은 인터
438,청년 구활금 하나카드 비씨카드 환불
439,비씨카드 결제오류
440,대구은행 비씨카드 교통카드기능 빠졌나
441,비씨카드와 우리카드는 동일한 것인가요???
442,비씨카드 - 신한카드인터넷 G마켓 인
443,비씨카드 - 신한카드인터넷 G마켓 인
444,제가 우리 비씨카드로 고등학교 학생증
445,비씨카드 - 신한카드인터넷 G마켓 인
446,농협비씨카드...
447,하나 비씨카드
448,농협 비씨카드?? 이게뭔데우편이오죠?
449,비씨카드 - 신한카드인터넷 G마켓 인
450,제가 모바일 결제할 때 비씨카드라 I
451,우리비씨카드 결제질문
452,부산은행 비씨카드 사용중인데요
453,우리카드 비씨카드 질문드립니다.
454,"비씨카드 계약직 채용 급여, 정규직 전환 질문"
455,비씨카드에서 치과 가면 돈 환급
456,비씨카드 결제오류
457,비씨카드 ARS 무이자 할부 질문.
458,비씨카드 현 결제일
459,비씨카드 현 결제일
460,비씨카드 카드요금 납부
461,비씨카드 - 신한카드인터넷 G마켓 인
462,우리비씨카드 이용중 입니다
463,비씨카드에서 이렇게 문자가 왔는데 이
464,비씨카드 결제일 질문이요
465,우리비씨카드 결제질문
466,비씨카드 비밀번호 3회 오류
467,기업은행비씨카드블리스5카드사용중인데요
468,비씨카드로 오월 초에 3개월 할부를
469,비씨카드 - 신한카드인터넷 G마켓 인
470,농협 비씨카드?? 이게뭔데우편이오죠?
471,지금삼성카드비씨카드쓰는데 비씨카드없애
472,비씨카드 수수료가 어떻게 되나요?
473,비씨카드 고객센터는 몇시부터 몇시까지
474,비씨카드 비밀번호 3회 오류
475,토스카드 신청햇는데 비씨카드 배송된다
476,우리카드 비씨카드 질문드립니다.
477,우리카드 비씨카드 질문드립니다.
478,비씨카드 기프트카드 인터넷등록 문제
479,토스카드 신청햇는데 비씨카드 배송된다
480,비씨카드에서 이렇게 문자가 왔는데 이
481,제가 비씨 카드를 분실했습니다 분실한
482,비씨카드 고졸도 많이 뽑나요?
483,비씨카드 분실했는데 카드번호모르는데
484,비씨카드 고졸도 많이 뽑나요?
485,우리비씨카드 결제질문
486,비씨카드 분실했는데 카드번호모르는데
487,농협비씨카드론 문자 알림 서비스?
488,비씨카드 분실했는데 카드번호모르는데
489,네이버 쇼핑 비씨카드 환불 질문이여!
490,창원 지역 국민카드나 비씨카드 설계사님 계신가요
491,롯데월드 2월 비씨카드 할인이요
492,신용카드 비씨카드 카드결제일 토요일걸리면..
493,비씨카드 - 신한카드인터넷 G마켓 인
494,비씨카드 체크카드만들려면 나이제한있잖
495,지금삼성카드비씨카드쓰는데 비씨카드없애
496,창원 지역 국민카드나 비씨카드 설계사님 계신가요
497,토스카드 신청햇는데 비씨카드 배송된다
498,비씨카드 기업은행 쓰는데 내일이 결제
499,비씨카드 농협 체크 쓰는데 입금된거는
500,제가 기업비씨카드를 쓰고있는데 한도3
501,하나 비씨카드인지 궁금해서 질문을 올
502,비씨카드에서 신용정보가 변경되었다고
503,모처럼 비씨카드를 사용하려니 이거깔고
504,우리 비씨카드 장기카드대출 분할상환중
505,비씨카드로 일본호텔 예약했는데 결제됏
506,비씨카드에서 전화와서 치아보험을 얘기
507,비씨카드 체크카드만들려면 나이제한있잖
508,비씨카드 결제일 변경은 모바일로 할수
509,비씨카드에서 전화와서 치아보험을 얘기
510,비씨카드 인터넷 결재할때 모방일안전결재 하지마세요
511,비씨카드 카드결제금액 명세서가 매달
512,제가 비씨 카드를 분실했습니다 분실한
513,제가 지금 부산은행 비씨카드를 사용하
514,비씨카드를 긁었는데 가맹점이 유효하지않다고 뜨는건
515,비씨카드에서 전화와서 치아보험을 얘기
516,비씨카드 인터넷 결재할때 모방일안전결재 하지마세요
517,비씨카드를 긁었는데 가맹점이 유효하지않다고 뜨는건
518,우리은행 비씨카드랑 농협비씨카드두개가
519,비씨카드를 긁었는데 가맹점이 유효하지않다고 뜨는건
520,창원 지역 국민카드나 비씨카드 설계사님 계신가요
521,창원 지역 국민카드나 비씨카드 설계사님 계신가요
522,비씨카드 결제대기라고 뜨는데 결제된게 맞나요 내공 40
523,skt 카드로 자동납부일로 변경했는데 왜 비씨카드로 뜨는건가요?
524,농협 은행 가서 비씨카드 체크카드 거래정지 되었나 확인 할수...
525,비씨카드 농협 체크카드 쓴 내역 보니깐 일시불 로 되어 있던데...
526,비씨 카드 에서 체크 카드 왔는데 안쓸려면 그냥 놔 둬도 가능...
527,농협 은행 가서 비씨카드 체크카드 거래정지 되었나 확인 할수...
528,은행비씨카드랑 일반신용카드의 결제일 변경방식이 다른가요?...
529,비씨 카드 신청 했는데 우편함 으로 왔는데요 우편 뜯으면 카드...
530,비씨카드 VIP 2등급 우수회원이됫다고 문자왔는데요...
531,"신한카드, 기업은행(비씨)카드 둘다 매월1일 결제일인데 오늘..."
532,"신한카드, 기업은행(비씨)카드 매월1일 결제일인데 오늘 카드..."
533,비씨카드 없는데 통장에 비씨카드 찍혀져 있으면요 통장에...
534,비씨 카드 앱 만들고 보는데 실수로 눌려 버렸는데 카드 결제...
535,모바일로 비씨카드 체크카드 신청 하고 배송 이 왔는데요...
536,비씨카드 결제내역 질문
537,비씨카드결제일변경
538,비씨카드 제휴 치과 보험 질문
539,비씨카드 우리카드
540,일본 에서 비씨카드 사용 할수 있나요?
541,비씨카드 부분무이자 할부 신청 하는법
542,우리카드 인가요 비씨카드인가요
543,비씨카드 미납 문자
544,비씨카드 한도 질문 입니다
545,우리비씨카드 이용중 입니다
546,제가 비씨카드 리볼빙을 신청했는데 정
547,제가 기업비씨카드를 쓰고있는데 한도3
548,농협 비씨카드 신청 하면 바로나올까요>?
549,비씨카드 고객센터 전화번호좀요ㅜㅜ 1588 4000말구요!!...
550,한태 입력 하실 새비번 말하면 된가요? 비씨카드 농협 카드 우
